folder,vol_error_af,vol_error_pct,start_time,end_time,max_wse,max_depth,max_face_velocity,max_velocity,max_volume,max_flow_balance,max_wind_EventCond,max_prcp_EventCond,max_bc_flow_EventCond,max_bc_stage_EventCond,max_IC_elevation,unique_manning,unique_cell_infiltration_initial_deficit,unique_cell_infiltration_maximum_deficit,unique_cell_infiltration_pot_percolation_rate,unique_cell_impervious_pct_imper
SS0496_PP354_SM1_BF1_Base,119118.625,0.028234176337718964,06Jan2050 00:00:00,13Jan2050 18:00:00,491.2488708496094,108.36321258544922,161.88571166992188,7.017880773544445,703599936.0,414393.5625,52.219486236572266,16.8612117767334,133200.0,4.739999771118164,57.0,643510,683772,745585,1,453683
SS0354_PP024_SM4_BF1_Base,212645.453125,0.054352179169654846,06Jan2050 00:00:00,12Jan2050 06:00:00,491.2488708496094,110.8962631225586,160.2602081298828,2.304998009204868,691535104.0,1006512.1875,175.68655395507812,43.19346618652344,121600.0,15.229999542236328,57.0,643591,625186,746124,1,454423
SS0413_PP239_SM2_BF1_Base,127609.734375,0.02066817320883274,06Jan2050 00:00:00,13Jan2050 06:00:00,491.2488708496094,112.7603530883789,155.6684112548828,2.8245642900467285,756514304.0,1150275.375,106.51344299316406,22.728696823120117,145200.0,15.140000343322754,57.0,643617,662782,745823,1,1
